{"paths": {"admin/js/vendor/select2/i18n/pt.js": "admin/js/vendor/select2/i18n/pt.33b4a3b44d43.js", "admin/js/vendor/select2/i18n/hsb.js": "admin/js/vendor/select2/i18n/hsb.fa3b55265efe.js", "admin/js/vendor/select2/i18n/vi.js": "admin/js/vendor/select2/i18n/vi.097a5b75b3e1.js", "admin/js/vendor/select2/i18n/lv.js": "admin/js/vendor/select2/i18n/lv.08e62128eac1.js", "admin/js/vendor/select2/i18n/gl.js": "admin/js/vendor/select2/i18n/gl.d99b1fedaa86.js", "admin/js/vendor/select2/i18n/pl.js": "admin/js/vendor/select2/i18n/pl.6031b4f16452.js", "admin/js/vendor/select2/i18n/el.js": "admin/js/vendor/select2/i18n/el.27097f071856.js", "admin/js/vendor/select2/i18n/dsb.js": "admin/js/vendor/select2/i18n/dsb.56372c92d2f1.js", "admin/js/vendor/select2/i18n/et.js": "admin/js/vendor/select2/i18n/et.2b96fd98289d.js", "admin/js/vendor/select2/i18n/is.js": "admin/js/vendor/select2/i18n/is.3ddd9a6a97e9.js", "admin/js/vendor/select2/i18n/sl.js": "admin/js/vendor/select2/i18n/sl.131a78bc0752.js", "admin/js/vendor/select2/i18n/ko.js": "admin/js/vendor/select2/i18n/ko.e7be6c20e673.js", "admin/js/vendor/select2/i18n/hr.js": "admin/js/vendor/select2/i18n/hr.a2b092cc1147.js", "admin/js/vendor/select2/i18n/ms.js": "admin/js/vendor/select2/i18n/ms.4ba82c9a51ce.js", "admin/js/vendor/select2/i18n/fi.js": "admin/js/vendor/select2/i18n/fi.614ec42aa9ba.js", "admin/js/vendor/select2/i18n/th.js": "admin/js/vendor/select2/i18n/th.f38c20b0221b.js", "admin/js/vendor/select2/i18n/ru.js": "admin/js/vendor/select2/i18n/ru.934aa95f5b5f.js", "admin/js/vendor/select2/i18n/eu.js": "admin/js/vendor/select2/i18n/eu.adfe5c97b72c.js", "admin/js/vendor/select2/i18n/mk.js": "admin/js/vendor/select2/i18n/mk.dabbb9087130.js", "admin/js/vendor/select2/i18n/sq.js": "admin/js/vendor/select2/i18n/sq.5636b60d29c9.js", "admin/js/vendor/select2/i18n/ja.js": "admin/js/vendor/select2/i18n/ja.170ae885d74f.js", "admin/js/vendor/select2/i18n/ka.js": "admin/js/vendor/select2/i18n/ka.2083264a54f0.js", "admin/js/vendor/select2/i18n/he.js": "admin/js/vendor/select2/i18n/he.e420ff6cd3ed.js", "admin/js/vendor/select2/i18n/bg.js": "admin/js/vendor/select2/i18n/bg.39b8be30d4f0.js", "admin/js/vendor/select2/i18n/hy.js": "admin/js/vendor/select2/i18n/hy.c7babaeef5a6.js", "admin/js/vendor/select2/i18n/sr-Cyrl.js": "admin/js/vendor/select2/i18n/sr-Cyrl.f254bb8c4c7c.js", "admin/js/vendor/select2/i18n/ne.js": "admin/js/vendor/select2/i18n/ne.3d79fd3f08db.js", "admin/js/vendor/select2/i18n/af.js": "admin/js/vendor/select2/i18n/af.4f6fcd73488c.js", "admin/js/vendor/select2/i18n/id.js": "admin/js/vendor/select2/i18n/id.04debded514d.js", "admin/js/vendor/select2/i18n/az.js": "admin/js/vendor/select2/i18n/az.270c257daf81.js", "admin/js/vendor/select2/i18n/ca.js": "admin/js/vendor/select2/i18n/ca.a166b745933a.js", "admin/js/vendor/select2/i18n/nb.js": "admin/js/vendor/select2/i18n/nb.da2fce143f27.js", "admin/js/vendor/select2/i18n/zh-CN.js": "admin/js/vendor/select2/i18n/zh-CN.2cff662ec5f9.js", "admin/js/vendor/select2/i18n/zh-TW.js": "admin/js/vendor/select2/i18n/zh-TW.04554a227c2b.js", "admin/js/vendor/select2/i18n/pt-BR.js": "admin/js/vendor/select2/i18n/pt-BR.e1b294433e7f.js", "admin/js/vendor/select2/i18n/da.js": "admin/js/vendor/select2/i18n/da.766346afe4dd.js", "admin/js/vendor/select2/i18n/fa.js": "admin/js/vendor/select2/i18n/fa.3b5bd1961cfd.js", "admin/js/vendor/select2/i18n/de.js": "admin/js/vendor/select2/i18n/de.8a1c222b0204.js", "admin/js/vendor/select2/i18n/en.js": "admin/js/vendor/select2/i18n/en.cf932ba09a98.js", "admin/js/vendor/select2/i18n/bs.js": "admin/js/vendor/select2/i18n/bs.91624382358e.js", "admin/js/vendor/select2/i18n/tk.js": "admin/js/vendor/select2/i18n/tk.7c572a68c78f.js", "admin/js/vendor/select2/i18n/sv.js": "admin/js/vendor/select2/i18n/sv.7a9c2f71e777.js", "admin/js/vendor/select2/i18n/hi.js": "admin/js/vendor/select2/i18n/hi.70640d41628f.js", "admin/js/vendor/select2/i18n/uk.js": "admin/js/vendor/select2/i18n/uk.8cede7f4803c.js", "admin/js/vendor/select2/i18n/cs.js": "admin/js/vendor/select2/i18n/cs.4f43e8e7d33a.js", "admin/js/vendor/select2/i18n/km.js": "admin/js/vendor/select2/i18n/km.c23089cb06ca.js", "admin/js/vendor/select2/i18n/fr.js": "admin/js/vendor/select2/i18n/fr.05e0542fcfe6.js", "admin/js/vendor/select2/i18n/nl.js": "admin/js/vendor/select2/i18n/nl.997868a37ed8.js", "admin/js/vendor/select2/i18n/sr.js": "admin/js/vendor/select2/i18n/sr.5ed85a48f483.js", "admin/js/vendor/select2/i18n/hu.js": "admin/js/vendor/select2/i18n/hu.6ec6039cb8a3.js", "admin/js/vendor/select2/i18n/lt.js": "admin/js/vendor/select2/i18n/lt.23c7ce903300.js", "admin/js/vendor/select2/i18n/ar.js": "admin/js/vendor/select2/i18n/ar.65aa8e36bf5d.js", "admin/js/vendor/select2/i18n/sk.js": "admin/js/vendor/select2/i18n/sk.33d02cef8d11.js", "admin/js/vendor/select2/i18n/it.js": "admin/js/vendor/select2/i18n/it.be4fe8d365b5.js", "admin/js/vendor/select2/i18n/es.js": "admin/js/vendor/select2/i18n/es.66dbc2652fb1.js", "admin/js/vendor/select2/i18n/bn.js": "admin/js/vendor/select2/i18n/bn.6d42b4dd5665.js", "admin/js/vendor/select2/i18n/ro.js": "admin/js/vendor/select2/i18n/ro.f75cb460ec3b.js", "admin/js/vendor/select2/i18n/ps.js": "admin/js/vendor/select2/i18n/ps.38dfa47af9e0.js", "admin/js/vendor/select2/i18n/tr.js": "admin/js/vendor/select2/i18n/tr.b5a0643d1545.js", "admin/css/vendor/select2/select2.min.css": "admin/css/vendor/select2/select2.min.9f54e6414f87.css", "admin/css/vendor/select2/LICENSE-SELECT2.md": "admin/css/vendor/select2/LICENSE-SELECT2.f94142512c91.md", "admin/css/vendor/select2/select2.css": "admin/css/vendor/select2/select2.a2194c262648.css", "admin/js/vendor/jquery/jquery.min.js": "admin/js/vendor/jquery/jquery.min.8fb8fee4fcc3.js", "admin/js/vendor/jquery/LICENSE.txt": "admin/js/vendor/jquery/LICENSE.de877aa6d744.txt", "admin/js/vendor/jquery/jquery.js": "admin/js/vendor/jquery/jquery.2849239b95f5.js", "admin/js/vendor/xregexp/xregexp.min.js": "admin/js/vendor/xregexp/xregexp.min.b0439563a5d3.js", "admin/js/vendor/xregexp/xregexp.js": "admin/js/vendor/xregexp/xregexp.efda034b9537.js", "admin/js/vendor/xregexp/LICENSE.txt": "admin/js/vendor/xregexp/LICENSE.bf79e414957a.txt", "admin/js/vendor/select2/LICENSE.md": "admin/js/vendor/select2/LICENSE.f94142512c91.md", "admin/js/vendor/select2/select2.full.min.js": "admin/js/vendor/select2/select2.full.min.fcd7500d8e13.js", "admin/js/vendor/select2/select2.full.js": "admin/js/vendor/select2/select2.full.c2afdeda3058.js", "fonts/fontawesome/css/all.css": "fonts/fontawesome/css/all.38a699f155b7.css", "fonts/fontawesome/css/all.min.css": "fonts/fontawesome/css/all.min.a6a17cb9bbd2.css", "fonts/fontawesome/webfonts/fa-solid-900.ttf": "fonts/fontawesome/webfonts/fa-solid-900.f14c3b2ff7c8.ttf", "fonts/fontawesome/webfonts/fa-regular-400.svg": "fonts/fontawesome/webfonts/fa-regular-400.da8a235bb207.svg", "fonts/fontawesome/webfonts/fa-regular-400.woff2": "fonts/fontawesome/webfonts/fa-regular-400.7980a6361c25.woff2", "fonts/fontawesome/webfonts/fa-solid-900.eot": "fonts/fontawesome/webfonts/fa-solid-900.e2675a616b68.eot", "fonts/fontawesome/webfonts/fa-brands-400.svg": "fonts/fontawesome/webfonts/fa-brands-400.38975343b586.svg", "fonts/fontawesome/webfonts/fa-regular-400.woff": "fonts/fontawesome/webfonts/fa-regular-400.7aaf5675efd6.woff", "fonts/fontawesome/webfonts/fa-brands-400.eot": "fonts/fontawesome/webfonts/fa-brands-400.8e49b7284130.eot", "fonts/fontawesome/webfonts/fa-solid-900.svg": "fonts/fontawesome/webfonts/fa-solid-900.7726a281c1d4.svg", "fonts/fontawesome/webfonts/fa-solid-900.woff": "fonts/fontawesome/webfonts/fa-solid-900.0be94a07755b.woff", "fonts/fontawesome/webfonts/fa-regular-400.ttf": "fonts/fontawesome/webfonts/fa-regular-400.f33342516f7c.ttf", "fonts/fontawesome/webfonts/fa-solid-900.woff2": "fonts/fontawesome/webfonts/fa-solid-900.64b3e814a66c.woff2", "fonts/fontawesome/webfonts/fa-brands-400.woff2": "fonts/fontawesome/webfonts/fa-brands-400.9f4ce3dc6899.woff2", "fonts/fontawesome/webfonts/fa-brands-400.woff": "fonts/fontawesome/webfonts/fa-brands-400.9f018d102556.woff", "fonts/fontawesome/webfonts/fa-brands-400.ttf": "fonts/fontawesome/webfonts/fa-brands-400.b7d071b9c3c1.ttf", "fonts/fontawesome/webfonts/fa-regular-400.eot": "fonts/fontawesome/webfonts/fa-regular-400.859001f6ae8e.eot", "admin/js/admin/RelatedObjectLookups.js": "admin/js/admin/RelatedObjectLookups.b4d76b6aaf0b.js", "admin/js/admin/DateTimeShortcuts.js": "admin/js/admin/DateTimeShortcuts.5548f99471bf.js", "admin/img/gis/move_vertex_on.svg": "admin/img/gis/move_vertex_on.0047eba25b67.svg", "admin/img/gis/move_vertex_off.svg": "admin/img/gis/move_vertex_off.7a23bf31ef8a.svg", "images/misc/payment-bank.png": "images/misc/payment-bank.bb843abb628c.png", "images/misc/map.jpg": "images/misc/map.776a29564346.jpg", "images/misc/appstore.png": "images/misc/appstore.a0e67ade962c.png", "images/misc/payment-paypal.png": "images/misc/payment-paypal.4680abb2ebeb.png", "images/misc/payments.png": "images/misc/payments.fc90a3f4ee1e.png", "images/misc/cash.jpg": "images/misc/cash.49f9f52f610b.jpg", "images/misc/payment-card.png": "images/misc/payment-card.7329b4e11221.png", "images/misc/btn-paypal.png": "images/misc/btn-paypal.586516e2ccf5.png", "images/misc/playmarket.png": "images/misc/playmarket.6c43d77b2515.png", "images/banners/cover.jpg": "images/banners/cover.4146703fb65c.jpg", "images/banners/1.jpg": "images/banners/1.99448cc392e6.jpg", "images/icons/stars-active.svg": "images/icons/stars-active.8fe59c81f099.svg", "images/icons/flag-in.png": "images/icons/flag-in.c33d0c4cb09c.png", "images/icons/pay-bank.png": "images/icons/pay-bank.8f0dd2e5c20f.png", "images/icons/pay-visa-el.png": "images/icons/pay-visa-el.eb23d10e079f.png", "images/icons/flag-kr.png": "images/icons/flag-kr.da28856757e6.png", "images/icons/pay-mastercard.png": "images/icons/pay-mastercard.d4e3359a30d6.png", "images/icons/starts-disable.svg": "images/icons/starts-disable.2faff9ba3f71.svg", "images/icons/flag-tr.png": "images/icons/flag-tr.ec646a5dbcf4.png", "images/icons/flag-vt.png": "images/icons/flag-vt.f49b3c6c09c1.png", "images/icons/pay-visa.png": "images/icons/pay-visa.a941a87d066d.png", "images/icons/pay-american-ex.png": "images/icons/pay-american-ex.678c6c3419af.png", "images/icons/flag-usa.png": "images/icons/flag-usa.fa0aa1148533.png", "images/items/8.jpg": "images/items/8.507aa4a45f12.jpg", "images/items/ms-office.jpg": "images/items/ms-office.4dc7ea74c219.jpg", "images/items/calender.jpg": "images/items/calender.1ce78711729b.jpg", "images/items/9.jpg": "images/items/9.6a69e2c3615f.jpg", "images/items/12.jpg": "images/items/12.343b7f1ec884.jpg", "images/items/adobe.jpg": "images/items/adobe.54ab390ac2db.jpg", "images/items/GOW.jpg": "images/items/GOW.f774c6ccf7cc.jpg", "images/items/12-1.jpg": "images/items/12-1.649f2a6dc858.jpg", "images/items/Utilities.mp4": "images/items/Utilities.a0212d8b7af5.mp4", "images/items/dl.jpg": "images/items/dl.eef90005ed89.jpg", "images/items/11.jpg": "images/items/11.751c836a0ffa.jpg", "images/items/Productivity.mp4": "images/items/Productivity.787e37298229.mp4", "images/items/12-2.jpg": "images/items/12-2.8fe76b861686.jpg", "images/items/bg1.mp4": "images/items/bg1.b6644136eb2e.mp4", "images/items/10.jpg": "images/items/10.1d18add72f5e.jpg", "images/items/weather.jpg": "images/items/weather.bf4a87fc3dc0.jpg", "images/items/calculator.jpg": "images/items/calculator.847b46565007.jpg", "images/items/Games.mp4": "images/items/Games.42879605335f.mp4", "images/items/profile.jpg": "images/items/profile.aab4b9747b87.jpg", "images/items/bg2.jpg": "images/items/bg2.91af0965aaeb.jpg", "images/items/4.jpg": "images/items/4.7f217f113d76.jpg", "images/items/5.jpg": "images/items/5.8a98b1bfd522.jpg", "images/items/7.jpg": "images/items/7.192e5f37faf6.jpg", "images/items/Outlast.jpg": "images/items/Outlast.23fd3c64a7a1.jpg", "images/items/6.jpg": "images/items/6.cbf9528ff67b.jpg", "images/items/2.jpg": "images/items/2.600219746f09.jpg", "images/items/logic.jpg": "images/items/logic.d0415b973bb3.jpg", "images/items/Valorant.jpg": "images/items/Valorant.46e737bc6413.jpg", "images/items/gtav.jpg": "images/items/gtav.c98e1e7e51d9.jpg", "images/items/3.jpg": "images/items/3.3c0b6077dc10.jpg", "images/items/1.jpg": "images/items/1.bda71ef17a75.jpg", "images/avatars/avatar3.jpg": "images/avatars/avatar3.4bc77174de4f.jpg", "images/avatars/avatar2.jpg": "images/avatars/avatar2.f1b3df8d2eea.jpg", "images/avatars/avatar1.jpg": "images/avatars/avatar1.0a9c04bfe1a6.jpg", "fonts/roboto/Roboto-Medium.ttf": "fonts/roboto/Roboto-Medium.894a2ede85a4.ttf", "fonts/roboto/Roboto-Light.ttf": "fonts/roboto/Roboto-Light.46e48ce06288.ttf", "fonts/roboto/Roboto-Regular.ttf": "fonts/roboto/Roboto-Regular.df7b648ce535.ttf", "fonts/roboto/font-min.css": "fonts/roboto/font-min.a1371e2f8529.css", "fonts/roboto/font.css": "fonts/roboto/font.ab69c8a098ff.css", "fonts/roboto/Roboto-Bold.ttf": "fonts/roboto/Roboto-Bold.e31fcf1885e3.ttf", "fonts/roboto/Roboto-Thin.ttf": "fonts/roboto/Roboto-Thin.94998475f6ae.ttf", "admin/css/widgets.css": "admin/css/widgets.694d845b2cb1.css", "admin/css/login.css": "admin/css/login.8b76a9f7cbf6.css", "admin/css/dashboard.css": "admin/css/dashboard.be83f13e4369.css", "admin/css/nav_sidebar.css": "admin/css/nav_sidebar.e32d345464bd.css", "admin/css/responsive.css": "admin/css/responsive.b9e1565b3609.css", "admin/css/autocomplete.css": "admin/css/autocomplete.4a81fc4242d0.css", "admin/css/responsive_rtl.css": "admin/css/responsive_rtl.e13ae754cceb.css", "admin/css/forms.css": "admin/css/forms.332ab41432e2.css", "admin/css/fonts.css": "admin/css/fonts.168bab448fee.css", "admin/css/rtl.css": "admin/css/rtl.4bc23eb90919.css", "admin/css/base.css": "admin/css/base.1f418065fc2c.css", "admin/css/changelists.css": "admin/css/changelists.cd4dd90ae1a1.css", "admin/js/urlify.js": "admin/js/urlify.25cc3eac8123.js", "admin/js/core.js": "admin/js/core.5d6b384a08b5.js", "admin/js/collapse.js": "admin/js/collapse.f84e7410290f.js", "admin/js/actions.js": "admin/js/actions.eac7e3441574.js", "admin/js/prepopulate.js": "admin/js/prepopulate.bd2361dfd64d.js", "admin/js/cancel.js": "admin/js/cancel.ecc4c5ca7b32.js", "admin/js/nav_sidebar.js": "admin/js/nav_sidebar.3535caba9444.js", "admin/js/autocomplete.js": "admin/js/autocomplete.c508b167ab61.js", "admin/js/inlines.js": "admin/js/inlines.fb1617228dbe.js", "admin/js/change_form.js": "admin/js/change_form.9d8ca4f96b75.js", "admin/js/SelectFilter2.js": "admin/js/SelectFilter2.d250dcb52a9a.js", "admin/js/jquery.init.js": "admin/js/jquery.init.b7781a0897fc.js", "admin/js/popup_response.js": "admin/js/popup_response.c6cc78ea5551.js", "admin/js/SelectBox.js": "admin/js/SelectBox.8161741c7647.js", "admin/js/calendar.js": "admin/js/calendar.f8a5d055eb33.js", "admin/js/prepopulate_init.js": "admin/js/prepopulate_init.e056047b7a7e.js", "admin/img/search.svg": "admin/img/search.7cf54ff789c6.svg", "admin/img/icon-calendar.svg": "admin/img/icon-calendar.ac7aea671bea.svg", "admin/img/icon-clock.svg": "admin/img/icon-clock.e1d4dfac3f2b.svg", "admin/img/icon-no.svg": "admin/img/icon-no.439e821418cd.svg", "admin/img/tooltag-add.svg": "admin/img/tooltag-add.e59d620a9742.svg", "admin/img/inline-delete.svg": "admin/img/inline-delete.fec1b761f254.svg", "admin/img/LICENSE": "admin/img/LICENSE.2c54f4e1ca1c", "admin/img/icon-changelink.svg": "admin/img/icon-changelink.18d2fd706348.svg", "admin/img/icon-unknown.svg": "admin/img/icon-unknown.a18cb4398978.svg", "admin/img/sorting-icons.svg": "admin/img/sorting-icons.3a097b59f104.svg", "admin/img/icon-viewlink.svg": "admin/img/icon-viewlink.41eb31f7826e.svg", "admin/img/icon-yes.svg": "admin/img/icon-yes.d2f9f035226a.svg", "admin/img/icon-addlink.svg": "admin/img/icon-addlink.d519b3bab011.svg", "admin/img/icon-unknown-alt.svg": "admin/img/icon-unknown-alt.81536e128bb6.svg", "admin/img/icon-deletelink.svg": "admin/img/icon-deletelink.564ef9dc3854.svg", "admin/img/README.txt": "admin/img/README.a70711a38d87.txt", "admin/img/selector-icons.svg": "admin/img/selector-icons.b4555096cea2.svg", "admin/img/calendar-icons.svg": "admin/img/calendar-icons.39b290681a8b.svg", "admin/img/tooltag-arrowright.svg": "admin/img/tooltag-arrowright.bbfb788a849e.svg", "admin/img/icon-alert.svg": "admin/img/icon-alert.034cc7d8a67f.svg", "admin/fonts/Roboto-Light-webfont.woff": "admin/fonts/Roboto-Light-webfont.c73eb1ceba33.woff", "admin/fonts/Roboto-Bold-webfont.woff": "admin/fonts/Roboto-Bold-webfont.50d75e48e0a3.woff", "admin/fonts/Roboto-Regular-webfont.woff": "admin/fonts/Roboto-Regular-webfont.35b07eb2f871.woff", "admin/fonts/README.txt": "admin/fonts/README.ab99e6b541ea.txt", "admin/fonts/LICENSE.txt": "admin/fonts/LICENSE.d273d63619c9.txt", "css/bootstrap.css": "css/bootstrap.bdcb1ee93ae1.css", "css/ui.css.map": "css/ui.css.bcf461cc66ae.map", "css/responsive.css": "css/responsive.fb0730468788.css", "css/ui.css": "css/ui.567ca4aba1ed.css", "css/responsive.css.map": "css/responsive.css.4dfc3c798c3c.map", "images/icon.png": "images/icon.69a84a66f92b.png", "images/favicon.ico": "images/favicon.98de012a2042.ico", "images/logo.png": "images/logo.b9ed8849327c.png", "js/bootstrap.bundle.min.js": "js/bootstrap.bundle.min.f3b2c58a512c.js", "js/jquery-2.0.0.min.js": "js/jquery-2.0.0.min.31832640fb6e.js", "js/script.js": "js/script.0a5ca1ef0fe8.js"}, "version": "1.0"}